{
    "hooks": [
        {
            "name": "dw.ocapi.shop.product.beforeGET",
            "script": "./hooks/shop/product"
        },
        {
            "name": "dw.ocapi.shop.product.modifyGETResponse",
            "script": "./hooks/shop/product"
        },
        {
            "name": "dw.ocapi.shop.basket.modifyGETResponse",
            "script": "./hooks/shop/basket"
        },
        {
            "name": "dw.ocapi.shop.basket.beforeGET",
            "script": "./hooks/shop/basket"
        }
    ]
}