<?xml version="1.0" encoding="UTF-8"?>
<preferences xmlns="http://www.demandware.com/xml/impex/preferences/2007-03-31">
    <standard-preferences>
        <all-instances>
            <preference preference-id="SiteCurrencies">EUR:JPY:CNY:GBP:PLN</preference>
            <preference preference-id="SitePriceBooks">cny-m-list-prices:cny-m-sale-prices:eur-m-list-prices:eur-m-sale-prices:gbp-m-list-prices:gbp-m-sale-prices:jpy-m-list-prices:jpy-m-sale-prices:pln-m-list-prices:pln-m-sale-prices:usd-m-list-prices:usd-m-sale-prices</preference>
            <preference preference-id="SiteLocales">en_GB:fr_FR:ja_JP:zh_CN:default:it_IT:pl_PL</preference>
        </all-instances>
    </standard-preferences>
</preferences>

