{
    "sections": [
        {
            "name": "General",
            "key": "GENERAL",
            "groupId": "PAYPAL_GENERAL"
        },
        {
            "name": "PayPal",
            "key": "PAYPAL",
            "groupId": "PAYPAL_CHECKOUT",
            "paymentMethodId": "PayPal"
        },
        {
            "name": "Credit Card",
            "key": "CREDIT_CARD",
            "groupId": "PAYPAL_CREDIT_CARD",
            "paymentMethodId": "PAYPAL_CREDIT_CARD"
        },
        {
            "name": "Venmo",
            "key": "VENMO",
            "groupId": "PAYPAL_VENMO"
        },
        {
            "name": "Alternative Payment Methods",
            "key": "ALTERNATIVE_PAYMENT_METHODS",
            "groupId": "PAYPAL_ALTERNATIVE_PAYMENT_METHODS"
        },
        {
            "name": "PayPal Credit Messaging",
            "key": "CREDIT_MESSAGING",
            "groupId": "PAYPAL_CREDIT_MESSAGING"
        },
        {
            "name": "PayPal Credit Financing Options",
            "key": "CREDIT_FINANCIAL_OPTIONS",
            "groupId": "PAYPAL_CREDIT_FINANCIAL_OPTIONS"
        }
    ],
    "relations": [
        {
            "id": "PP_BA_Enabled",
            "oldValue": "false",
            "newValue": "true",
            "conditions": [],
            "triggers": [
                {
                    "type": "alert",
                    "message": "Please note that the Venmo, PayPal Pay Later and Local Payment Method buttons will not be displayed in your storefront due to the Billing Agreement flow limitations"
                },
                {
                    "type": "alert",
                    "message": "Please note that in case you enable PayPal Pay Now flow it will not be triggered since this flow doesn't support the Billing Agreement"
                }
            ]
        },
        {
            "id": "PP_CWPP_Button_Enabled",
            "oldValue": "true",
            "newValue": "false",
            "conditions": [
                {
                    "id": "PP_Automatic_Payment_Method_Adding_Enabled",
                    "value": "true",
                    "operator": "and"
                }
            ],
            "triggers": [
                {
                    "type": "alert",
                    "message": "Please note that 'Automatic PM adding' site preference is automatically disabled since Connect with PayPal functionality is disabled"
                },
                {
                    "type": "change",
                    "value": "false",
                    "id": "PP_Automatic_Payment_Method_Adding_Enabled"
                }
            ]
        },
        {
            "id": "PP_CWPP_Button_Enabled",
            "oldValue": "true",
            "newValue": "false",
            "conditions": [
                {
                    "id": "PP_CWPP_Account_Linking_Security_Layer_Enabled",
                    "value": "true",
                    "operator": "and"
                }
            ],
            "triggers": [
                {
                    "type": "alert",
                    "message": "Please note that 'Account Linking Security Layer' site preference is automatically disabled since Connect with PayPal functionality is disabled"
                },
                {
                    "type": "change",
                    "value": "false",
                    "id": "PP_CWPP_Account_Linking_Security_Layer_Enabled"
                }
            ]
        },
        {
            "id": "PP_CWPP_Button_Enabled",
            "oldValue": "false",
            "newValue": "true",
            "conditions": [],
            "triggers": [
                {
                    "type": "alert",
                    "message": "Please note that 'Account Linking Security Layer' is automatically activated as recommended feature"
                },
                {
                    "type": "change",
                    "value": "true",
                    "id": "PP_CWPP_Account_Linking_Security_Layer_Enabled"
                },
                {
                    "type": "alert",
                    "message": "Please note that 'Automatic PM adding' is automatically activated as recommended feature"
                },
                {
                    "type": "change",
                    "value": "true",
                    "id": "PP_Automatic_Payment_Method_Adding_Enabled"
                }
            ]
        },
        {
            "id": "PP_Automatic_Payment_Method_Adding_Enabled",
            "oldValue": "false",
            "newValue": "true",
            "conditions": [
                {
                    "id": "PP_CWPP_Button_Enabled",
                    "value": "false",
                    "operator": "and"
                }
            ],
            "triggers": [
                {
                    "type": "alert",
                    "message": "Please note that the 'Automatic PM adding' site preference will not make any impact since Connect with PayPal functionality is disabled"
                }
            ]
        },
        {
            "id": "PP_Payment_Model",
            "oldValue": "Sale",
            "newValue": "Authorize",
            "conditions": [],
            "triggers": [
                {
                    "type": "alert",
                    "message": "Please note that in case you enable Local Payment Methods (LPM) they will not be available for buyers since LPM supports the sale payment model only"
                },
                {
                    "type": "alert",
                    "message": "Please note that in case you enable PayPal Pay Now flow it will not be triggered since this flow supports the sale payment model only"
                }
            ]
        },
        {
            "id": "PP_Payment_Model",
            "oldValue": "Sale",
            "newValue": "ExtendedAuth",
            "conditions": [],
            "triggers": [
                {
                    "type": "alert",
                    "message": "Please note that in case you enable Local Payment Methods (LPM) they will not be available for buyers since LPM supports the sale payment model only"
                },
                {
                    "type": "alert",
                    "message": "Please note that in case you enable PayPal Pay Now flow it will not be triggered since this flow supports the sale payment model only"
                }
            ]
        },
        {
            "id": "PP_Payment_Model",
            "oldValue": "Authorize",
            "newValue": "ExtendedAuth",
            "conditions": [],
            "triggers": [
                {
                    "type": "alert",
                    "message": "Please note that in case you enable Local Payment Methods (LPM) they will not be available for buyers since LPM supports the sale payment model only"
                },
                {
                    "type": "alert",
                    "message": "Please note that in case you enable PayPal Pay Now flow it will not be triggered since this flow supports the sale payment model only"
                }
            ]
        },
        {
            "id": "PP_Payment_Model",
            "oldValue": "ExtendedAuth",
            "newValue": "Authorize",
            "conditions": [],
            "triggers": [
                {
                    "type": "alert",
                    "message": "Please note that in case you enable Local Payment Methods (LPM) they will not be available for buyers since LPM supports the sale payment model only"
                },
                {
                    "type": "alert",
                    "message": "Please note that in case you enable PayPal Pay Now flow it will not be triggered since this flow supports the sale payment model only"
                }
            ]
        }
    ]
}
