<?xml version="1.0" encoding="UTF-8"?>
<metadata xmlns="http://www.demandware.com/xml/impex/metadata/2006-10-31">
    <type-extension type-id="SitePreferences">
        <custom-attribute-definitions>
            <attribute-definition attribute-id="PP_FraudNet_Enabled">
                <display-name xml:lang="x-default">PayPal Fraudnet Enabled</display-name>
                <description xml:lang="x-default">Allows collecting buyer's browser-based data and passing it to PayPal Risk Service in order to help reduce fraud</description>
                <type>boolean</type>
                <mandatory-flag>false</mandatory-flag>
                <externally-managed-flag>false</externally-managed-flag>
                <default-value>true</default-value>
            </attribute-definition>
            <attribute-definition attribute-id="PP_Pay_Now_Enabled">
                <display-name xml:lang="x-default">Pay Now enabled</display-name>
                <description xml:lang="x-default">PayPal Pay Now flow is designed for selling only digital goods which don't require delivery to the shipping address. In case you enable the flow then shipping options will be hidden on the storefront. Note: Flow doesn't support Venmo payment method.</description>
                <type>boolean</type>
                <mandatory-flag>false</mandatory-flag>
                <externally-managed-flag>false</externally-managed-flag>
                <default-value>false</default-value>
            </attribute-definition>
            <attribute-definition attribute-id="PP_Automatic_Payment_Method_Adding_Enabled">
                <display-name xml:lang="x-default">Automatic payment method adding enabled</display-name>
                <description xml:lang="x-default">Indicates if the 'Automatic payment method adding' feature is enabled via Connect with Paypal</description>
                <type>boolean</type>
                <mandatory-flag>false</mandatory-flag>
                <externally-managed-flag>false</externally-managed-flag>
                <default-value>true</default-value>
            </attribute-definition>
            <attribute-definition attribute-id="PP_CWPP_Button_Enabled">
                <display-name xml:lang="x-default">Connect with PayPal button enabled</display-name>
                <description xml:lang="x-default">It identifies whether the Connect with PayPal (CWPP) button is enabled on the Login and the Checkout pages</description>
                <type>boolean</type>
                <mandatory-flag>false</mandatory-flag>
                <externally-managed-flag>false</externally-managed-flag>
                <default-value>false</default-value>
            </attribute-definition>
            <attribute-definition attribute-id="PP_CWPP_Button_Url">
                <display-name xml:lang="x-default">Connect with PayPal button url</display-name>
                <description xml:lang="x-default">This URL is used for Connect with PayPal feature.&#13;
Sandbox URL: https://www.sandbox.paypal.com/connect?&#13;
Production URL: https://www.paypal.com/connect?</description>
                <type>string</type>
                <mandatory-flag>false</mandatory-flag>
                <externally-managed-flag>false</externally-managed-flag>
                <min-length>0</min-length>
                <default-value>https://www.sandbox.paypal.com/connect?</default-value>
            </attribute-definition>
            <attribute-definition attribute-id="PP_CWPP_Account_Linking_Security_Layer_Enabled">
                <display-name xml:lang="x-default">Account Linking Security Layer enabled</display-name>
                <description xml:lang="x-default">Enables additional verification step (enter credentials from the pre-existing user account) during the account linking while your buyerі use Connect with PayPal for the first time and the user account email matches with the PayPal primary account email.</description>
                <type>boolean</type>
                <mandatory-flag>false</mandatory-flag>
                <externally-managed-flag>false</externally-managed-flag>
                <default-value>false</default-value>
            </attribute-definition>
            <attribute-definition attribute-id="PP_WH_Authorization_And_Capture_Id">
                <display-name xml:lang="x-default">Authorization and Capture webhook id</display-name>
                <description xml:lang="x-default">Webhook id of payment authorization voided, payment capture refunded and payment capture completed events.</description>
                <type>string</type>
                <mandatory-flag>false</mandatory-flag>
                <externally-managed-flag>false</externally-managed-flag>
                <min-length>0</min-length>
            </attribute-definition>
            <attribute-definition attribute-id="PP_Payment_Model">
                <display-name xml:lang="x-default">Payment Model</display-name>
                <description xml:lang="x-default">This determines whether the funds are captured immediately (Sale), later (Authorize) or Save Order Flow takes place (ExtendedAuth)</description>
                <type>enum-of-string</type>
                <mandatory-flag>false</mandatory-flag>
                <externally-managed-flag>false</externally-managed-flag>
                <value-definitions>
                    <value-definition default="true">
                        <display xml:lang="x-default">Sale Flow</display>
                        <value>Sale</value>
                    </value-definition>
                    <value-definition>
                        <display xml:lang="x-default">Authorize Flow</display>
                        <value>Authorize</value>
                    </value-definition>
                    <value-definition>
                        <display xml:lang="x-default">Save Order Flow</display>
                        <value>ExtendedAuth</value>
                    </value-definition>
                </value-definitions>
            </attribute-definition>
            <attribute-definition attribute-id="PP_Button_Location">
                <display-name xml:lang="x-default">PayPal Button Location</display-name>
                <description xml:lang="x-default">This site preference allows setting up an additional PayPal button location on the website. The default button location is the Billing page.</description>
                <type>enum-of-string</type>
                <mandatory-flag>false</mandatory-flag>
                <externally-managed-flag>false</externally-managed-flag>
                <select-multiple-flag>true</select-multiple-flag>
                <value-definitions>
                    <value-definition>
                        <display xml:lang="x-default">Cart</display>
                        <value>Cart</value>
                    </value-definition>
                    <value-definition>
                        <display xml:lang="x-default">MiniCart</display>
                        <value>MiniCart</value>
                    </value-definition>
                    <value-definition>
                        <display xml:lang="x-default">PDP</display>
                        <value>PDP</value>
                    </value-definition>
                    <value-definition>
                        <display xml:lang="x-default">PVP</display>
                        <value>PVP</value>
                    </value-definition>
                </value-definitions>
            </attribute-definition>
            <attribute-definition attribute-id="PP_BA_Enabled">
                <display-name xml:lang="x-default">Billing Agreement Enabled</display-name>
                <description xml:lang="x-default">Determines if billing agreement will be created during checkout to registered users</description>
                <type>boolean</type>
                <mandatory-flag>false</mandatory-flag>
                <externally-managed-flag>false</externally-managed-flag>
                <default-value>true</default-value>
            </attribute-definition>
            <attribute-definition attribute-id="PP_BA_Description">
                <display-name xml:lang="x-default">Billing Agreement Description</display-name>
                <description xml:lang="x-default">Will be displayed on the PayPal page if billing agreement feature is enabled. Maximum length: 128 characters</description>
                <type>string</type>
                <mandatory-flag>false</mandatory-flag>
                <externally-managed-flag>false</externally-managed-flag>
                <min-length>0</min-length>
                <field-height>5</field-height>
                <regex>^.{0,128}$</regex>
            </attribute-definition>
            <attribute-definition attribute-id="PP_Venmo_Enabled">
                <display-name xml:lang="x-default">TMP</display-name>
                <description xml:lang="x-default">TMP</description>
                <type>boolean</type>
                <mandatory-flag>false</mandatory-flag>
                <externally-managed-flag>false</externally-managed-flag>
                <default-value>false</default-value>
            </attribute-definition>
            <attribute-definition attribute-id="PP_CWPP_Agent_Login">
                <display-name xml:lang="x-default">Connect with PayPal agent login</display-name>
                <description xml:lang="x-default">Connect with PayPal functionality requires agent credentials to perform "Login On Behalf" action.</description>
                <type>string</type>
                <mandatory-flag>false</mandatory-flag>
                <externally-managed-flag>false</externally-managed-flag>
                <min-length>0</min-length>
            </attribute-definition>
            <attribute-definition attribute-id="PP_CWPP_Agent_Password">
                <display-name xml:lang="x-default">Connect with PayPal agent password</display-name>
                <description xml:lang="x-default">Connect with PayPal functionality requires agent credentials to perform "Login On Behalf" action.</description>
                <type>password</type>
                <mandatory-flag>false</mandatory-flag>
                <externally-managed-flag>false</externally-managed-flag>
            </attribute-definition>
            <attribute-definition attribute-id="PP_Enable_Funding_List">
                <display-name xml:lang="x-default">List of enable funding methods</display-name>
                <description xml:lang="x-default">List of additional enable funding methods for SDK URL creation</description>
                <type>set-of-string</type>
                <mandatory-flag>false</mandatory-flag>
                <externally-managed-flag>false</externally-managed-flag>
            </attribute-definition>
            <attribute-definition attribute-id="PP_Disable_Funding_List">
                <display-name xml:lang="x-default">List of disable funding methods</display-name>
                <description xml:lang="x-default">List of additional disable funding methods for SDK URL creation</description>
                <type>set-of-string</type>
                <mandatory-flag>false</mandatory-flag>
                <externally-managed-flag>false</externally-managed-flag>
            </attribute-definition>
            <attribute-definition attribute-id="PP_Smart_Button_Styles">
                <display-name xml:lang="x-default">PayPal API Smart Button Styles</display-name>
                <description xml:lang="x-default">Return style configurations for PayPal smart button (cart, billing pages)&#13;
                    * Available values:&#13;
                    *  height: (number) from 25 to 55,&#13;
                    *  color: (string) gold, blue, silver, black, white,&#13;
                    *  shape: (string) pill, rect,&#13;
                    *  layout: (string) horizontal, vertical,&#13;
                    *  tagline: (boolean) true, false&#13;
                    &#13;
                    Default value:&#13;
                    {
                        "cart":{"height":35,"color":"gold","shape":"rect","layout":"vertical","label":"checkout","tagline":false},
                        "checkout":{"height":35,"color":"gold","shape":"rect","layout":"vertical","label":"checkout","tagline":false},
                        "minicart": { "height": 35, "color": "gold", "shape": "rect", "layout": "vertical", "label": "checkout", "tagline": false },
                        "pdp": { "height": 35, "color": "gold", "shape": "rect", "layout": "vertical", "label": "checkout", "tagline": false },
                        "pvp": { "height": 35, "color": "gold", "shape": "rect", "layout": "vertical", "label": "checkout", "tagline": false }
                    }
                </description>
                <type>string</type>
                <mandatory-flag>false</mandatory-flag>
                <externally-managed-flag>false</externally-managed-flag>
                <min-length>0</min-length>
                <default-value>
                    {
                        "cart":{"height":35,"color":"gold","shape":"rect","layout":"vertical","label":"checkout","tagline":false},
                        "billing":{"height":35,"color":"gold","shape":"rect","layout":"vertical","label":"checkout","tagline":false},
                        "minicart": { "height": 35, "color": "gold", "shape": "rect", "layout": "vertical", "label": "checkout", "tagline": false },
                        "pdp": { "height": 35, "color": "gold", "shape": "rect", "layout": "vertical", "label": "checkout", "tagline": false },
                        "pvp": { "height": 35, "color": "gold", "shape": "rect", "layout": "vertical", "label": "checkout", "tagline": false }
                    }
                </default-value>
            </attribute-definition>
            <attribute-definition attribute-id="PP_Credit_Banner_Styles">
                <display-name xml:lang="x-default">PayPal API Credit Banner Styles</display-name>
                <description xml:lang="x-default">Return style configurations for PayPal Credit Banner (cart, product, category )&#13;
                    Available values:     &#13;
                    layout: 'flex', // flex, text&#13;
                    styleColor: 'gray', // only for flex layout: blue, black, white, white-no-border, gray&#13;
                    ratio: '8x1', // only for flex layout: 1x1, 1x4, 8x1, 20x1&#13;
                    &#13;
                    {"cartCreditConfig":{"layout":"flex","styleColor":"gray","ratio":"8x1","logoType":"primary","logoPosition":"left","textColor":"black"},"productCreditConfig":{"layout":"text","styleColor":"blue","ratio":"8x1","logoType":"primary","logoPosition":"left","textColor":"black"},"categoryCreditConfig":{"layout":"flex","styleColor":"blue","ratio":"20x1","logoType":"primary","logoPosition":"left","textColor":"black"}}</description>
                <type>string</type>
                <mandatory-flag>false</mandatory-flag>
                <externally-managed-flag>false</externally-managed-flag>
                <min-length>0</min-length>
                <default-value>{"cartCreditConfig":{"styleLayout":"flex","styleColor":"gray","styleRatio":"8x1","styleLogoType":"","styleLogoPosition":"","styleTextColor":""},"productCreditConfig":{"styleLayout":"text","styleColor":"","styleRatio":"","styleLogoType": "primary","styleLogoPosition":"left","styleTextColor":"black"},"categoryCreditConfig":{"styleLayout":"flex","styleColor":"blue","styleRatio":"20x1","styleLogoType":"","styleLogoPosition":"","styleTextColor":""}}</default-value>
            </attribute-definition>
            <attribute-definition attribute-id="PP_CWPP_Button_Styles">
                <display-name xml:lang="x-default">Connect with PayPal Button Styles</display-name>
                <description xml:lang="x-default">Return style configurations for Connect with PayPal button (billing, login pages)&#13;
                    * Available values:&#13;
                    *  theme: (string) blue, neutral,&#13;
                    *  buttonShape: (string) pill, rect,&#13;
                    *  buttonType: (string) LWP, CWP,&#13;
                    *  buttonSize: (string) sm, md, lg&#13;
                    &#13;
                    Default value:&#13;
                    {&#13;
                        "billing":{"theme":"blue","buttonShape":"pill","buttonType":"CWP","buttonSize":"lg"},&#13;
                        "login":{"theme":"blue","buttonShape":"pill","buttonType":"LWP","buttonSize":"lg"},&#13;
                    }</description>
                <type>string</type>
                <mandatory-flag>false</mandatory-flag>
                <externally-managed-flag>false</externally-managed-flag>
                <min-length>0</min-length>
                <default-value>{"billing":{"theme":"blue","buttonShape":"pill","buttonType":"CWP","buttonSize":"lg"},"login":{"theme":"blue","buttonShape":"pill","buttonType":"LWP","buttonSize":"lg"}}</default-value>
            </attribute-definition>
            <attribute-definition attribute-id="PP_Hosted_Fields_Styles">
                <display-name xml:lang="x-default">Hosted Fields Styles</display-name>
                <description xml:lang="x-default">Return style configurations for Hosted Fields (account, checkout pages)&#13;
                    * Available values:&#13;
                    *  color: (string) black, gray,&#13;
                    *  invalidColor: (string) red, black, gray,&#13;
                    *  validColor: (string) green, black, gray,&#13;
                    *  fontSize: (number) from 8 to 16,&#13;
                    &#13;
                    Default value:&#13;
                    {&#13;
                        "color":"black","invalidColor":"red","validColor":"green","fontSize":"12",&#13;
                    }</description>
                <type>string</type>
                <mandatory-flag>false</mandatory-flag>
                <externally-managed-flag>false</externally-managed-flag>
                <min-length>0</min-length>
                <default-value>{"color":"black","invalidColor":"red","validColor":"green","fontSize":"12"}</default-value>
            </attribute-definition>
            <attribute-definition attribute-id="PP_Debit_Credit_Button_Enabled">
                <display-name xml:lang="x-default">PayPal Debit Credit Button Enable</display-name>
                <description xml:lang="x-default">Allows enabling PayPal Debit Credit Button on the storefront which will be displayed next to the PayPal button. Please note that the PayPal Debit Credit Button location will be the same as the location of the PayPal button.</description>
                <type>boolean</type>
                <mandatory-flag>false</mandatory-flag>
                <externally-managed-flag>false</externally-managed-flag>
                <default-value>true</default-value>
            </attribute-definition>
            <attribute-definition attribute-id="PP_Credit_Pay_Later_Button_Enabled">
                <display-name xml:lang="x-default">PayPal Credit (Pay Later) Button Enable</display-name>
                <description xml:lang="x-default">Allows enabling PayPal Credit (Pay Later) Button on the storefront which will be rendered next to the PayPal button. Please note that the PayPal Credit (Pay Later) Button location will be the same as the location of the PayPal button. Depends on the vault mode and client-id on of the buttons will be rendered.</description>
                <type>boolean</type>
                <mandatory-flag>false</mandatory-flag>
                <externally-managed-flag>false</externally-managed-flag>
                <default-value>false</default-value>
            </attribute-definition>
            <attribute-definition attribute-id="PP_Store_CC_To_Vault">
                <display-name xml:lang="x-default">Store CC to Vault</display-name>
                <description xml:lang="x-default">Enables vault flow which allows saving credit cards for logged-in buyers. Note: If you disable this site preference and the logged-in user has a saved credit card in the wallet, then they will not be able to use it on the checkout.</description>
                <type>boolean</type>
                <mandatory-flag>false</mandatory-flag>
                <externally-managed-flag>false</externally-managed-flag>
                <default-value>false</default-value>
            </attribute-definition>
            <attribute-definition attribute-id="PP_Verify_CC_On_My_Account">
                <display-name xml:lang="x-default">Verify Credit Card on My Account</display-name>
                <description xml:lang="x-default">Enables verification while saving credit cards on the My Account page. Note: 3DS verification can be requested automatically if it's required.</description>
                <type>boolean</type>
                <mandatory-flag>false</mandatory-flag>
                <externally-managed-flag>false</externally-managed-flag>
                <default-value>true</default-value>
            </attribute-definition>
            <attribute-definition attribute-id="PP_CC_3DS_Verification">
                <display-name xml:lang="x-default">3DS verification for Credit Card</display-name>
                <description xml:lang="x-default">Allows triggering the following flows with 3D Secure on the Checkout page:
                    'always' (which triggers an authentication for every transaction), 'auto' (which triggers an authentication only when the regional compliance mandate such as PSD2 is required) and 'false' (3DS flow is disabled).
                </description>
                <type>enum-of-string</type>
                <mandatory-flag>false</mandatory-flag>
                <externally-managed-flag>false</externally-managed-flag>
                <select-multiple-flag>false</select-multiple-flag>
                <value-definitions>
                    <value-definition>
                        <display xml:lang="x-default">Always</display>
                        <value>SCA_ALWAYS</value>
                    </value-definition>
                    <value-definition default="true">
                        <display xml:lang="x-default">Auto</display>
                        <value>SCA_WHEN_REQUIRED</value>
                    </value-definition>
                    <value-definition>
                        <display xml:lang="x-default">False</display>
                        <value>DISABLED</value>
                    </value-definition>
                </value-definitions>
            </attribute-definition>
            <attribute-definition attribute-id="PP_Credit_Card_Expire_Notification">
                <display-name xml:lang="x-default">Credit Card Expire Notification Configuration</display-name>
                <description xml:lang="x-default">This site preference allows notifying and highlighting (show the respective label) logged-in buyers if their credit cards are expired or are going to expire. Options:&#13;
Disabled - will disable CC expire feature&#13;
Notify when expired only - will notify and highlight only if CC is expired&#13;
Notify 1 month before expiration - will notify and highlight CC's which are going to expire in 1 month&#13;
Notify 2 months before expiration - will notify and highlight CC's which are going to expire in 2 months&#13;
Notify 3 months before expiration - will notify and highlight CC's which are going to expire in 3 months</description>
                <type>enum-of-int</type>
                <mandatory-flag>false</mandatory-flag>
                <externally-managed-flag>false</externally-managed-flag>
                <value-definitions>
                    <value-definition default="true">
                        <display xml:lang="x-default">Disabled</display>
                        <value>-1</value>
                    </value-definition>
                    <value-definition>
                        <display xml:lang="x-default">Notify when expired only</display>
                        <value>0</value>
                    </value-definition>
                    <value-definition>
                        <display xml:lang="x-default">Notify 1 month before expiration</display>
                        <value>1</value>
                    </value-definition>
                    <value-definition>
                        <display xml:lang="x-default">Notify 2 months before expiration</display>
                        <value>2</value>
                    </value-definition>
                    <value-definition>
                        <display xml:lang="x-default">Notify 3 months before expiration</display>
                        <value>3</value>
                    </value-definition>
                </value-definitions>
            </attribute-definition>
            <attribute-definition attribute-id="PP_Session_Payments_Enabled">
                <display-name xml:lang="x-default">Session Payments Enabled</display-name>
                <description xml:lang="x-default">This option determines whether session payments should be enabled for guest or logged-in users or both or disabled.</description>
                <type>enum-of-string</type>
                <mandatory-flag>false</mandatory-flag>
                <externally-managed-flag>false</externally-managed-flag>
                <value-definitions>
                    <value-definition default="true">
                        <display xml:lang="x-default">Not available</display>
                        <value>Disabled</value>
                    </value-definition>
                    <value-definition>
                        <display xml:lang="x-default">Available only for logged-in users</display>
                        <value>LoggedIn</value>
                    </value-definition>
                    <value-definition>
                        <display xml:lang="x-default">Available for both guests and logged-in users</display>
                        <value>All</value>
                    </value-definition>
                </value-definitions>
            </attribute-definition>
            <attribute-definition attribute-id="PP_OCAPI_Config">
                <display-name xml:lang="x-default">OCAPI Configuration</display-name>
                <description xml:lang="x-default">Configuration for OCAPI. JSON format. List of fields: clientId, clientPassword, apiVersion, bmUserLogin, bmUserPassword</description>
                <type>text</type>
                <mandatory-flag>false</mandatory-flag>
                <externally-managed-flag>false</externally-managed-flag>
                <field-height>7</field-height>
            </attribute-definition>
            <attribute-definition attribute-id="PP_WebDAV_Config">
                <display-name xml:lang="x-default">WebDAV Configuration</display-name>
                <description xml:lang="x-default">Configuration for WebDAV. JSON format. List of fields: host, username, password</description>
                <type>text</type>
                <mandatory-flag>false</mandatory-flag>
                <externally-managed-flag>false</externally-managed-flag>
                <field-height>5</field-height>
            </attribute-definition>
        </custom-attribute-definitions>
        <group-definitions>
            <attribute-group group-id="PAYPAL_GENERAL">
                <display-name xml:lang="x-default">PayPal General</display-name>
                <attribute attribute-id="PP_Payment_Model"/>
                <attribute attribute-id="PP_WH_Authorization_And_Capture_Id"/>
                <attribute attribute-id="PP_Enable_Funding_List"/>
                <attribute attribute-id="PP_Disable_Funding_List"/>
                <attribute attribute-id="PP_Session_Payments_Enabled"/>
                <attribute attribute-id="PP_OCAPI_Config"/>
                <attribute attribute-id="PP_WebDAV_Config"/>
            </attribute-group>
            <attribute-group group-id="PAYPAL_CREDIT_CARD">
                <display-name xml:lang="x-default">PayPal Credit Card</display-name>
                <attribute attribute-id="PP_Store_CC_To_Vault"/>
                <attribute attribute-id="PP_Verify_CC_On_My_Account"/>
                <attribute attribute-id="PP_CC_3DS_Verification"/>
                <attribute attribute-id="PP_Credit_Card_Expire_Notification"/>
            </attribute-group>
            <attribute-group group-id="PAYPAL_VENMO">
                <display-name xml:lang="x-default">PayPal Venmo</display-name>
                <attribute attribute-id="PP_Venmo_Enabled"/>
            </attribute-group>
            <attribute-group group-id="PAYPAL_CHECKOUT">
                <display-name xml:lang="x-default">PayPal Configuration</display-name>
                <attribute attribute-id="PP_Button_Location"/>
                <attribute attribute-id="PP_BA_Enabled"/>
                <attribute attribute-id="PP_BA_Description"/>
                <attribute attribute-id="PP_Debit_Credit_Button_Enabled"/>
                <attribute attribute-id="PP_Credit_Pay_Later_Button_Enabled"/>
                <attribute attribute-id="PP_Pay_Now_Enabled"/>
                <attribute attribute-id="PP_FraudNet_Enabled"/>
                <attribute attribute-id="PP_CWPP_Button_Enabled"/>
                <attribute attribute-id="PP_CWPP_Button_Url"/>
                <attribute attribute-id="PP_CWPP_Account_Linking_Security_Layer_Enabled"/>
                <attribute attribute-id="PP_Automatic_Payment_Method_Adding_Enabled"/>
                <attribute attribute-id="PP_CWPP_Agent_Login"/>
                <attribute attribute-id="PP_CWPP_Agent_Password"/>
            </attribute-group>
        </group-definitions>
    </type-extension>

    <type-extension type-id="OrderPaymentInstrument">
        <custom-attribute-definitions>
            <attribute-definition attribute-id="payPalSaveCreditCard">
                <display-name xml:lang="x-default">PayPal Save Credit Card</display-name>
                <type>boolean</type>
                <mandatory-flag>false</mandatory-flag>
                <externally-managed-flag>false</externally-managed-flag>
            </attribute-definition>
            <attribute-definition attribute-id="payPalOrderStatus">
                <display-name xml:lang="x-default">PayPal Order Status</display-name>
                <type>string</type>
                <mandatory-flag>false</mandatory-flag>
                <externally-managed-flag>false</externally-managed-flag>
                <min-length>0</min-length>
            </attribute-definition>
            <attribute-definition attribute-id="paypalOrderID">
                <display-name xml:lang="x-default">paypalOrderID</display-name>
                <description xml:lang="x-default">Paypal order id from create order API call</description>
                <type>string</type>
                <mandatory-flag>false</mandatory-flag>
                <externally-managed-flag>false</externally-managed-flag>
                <min-length>0</min-length>
            </attribute-definition>
            <attribute-definition attribute-id="currentPaypalEmail">
                <display-name xml:lang="x-default">currentPaypalEmail</display-name>
                <description xml:lang="x-default">Paypal account email used for payment</description>
                <type>string</type>
                <mandatory-flag>false</mandatory-flag>
                <externally-managed-flag>false</externally-managed-flag>
                <min-length>0</min-length>
            </attribute-definition>
            <attribute-definition attribute-id="paypalLpmAccountHolderName">
                <display-name xml:lang="x-default">PayPal Local payment method account holder name</display-name>
                <description xml:lang="x-default">The name of the account holder associated with this payment method.</description>
                <type>string</type>
                <mandatory-flag>false</mandatory-flag>
                <externally-managed-flag>false</externally-managed-flag>
                <min-length>0</min-length>
            </attribute-definition>
            <attribute-definition attribute-id="paymentId">
                <display-name xml:lang="x-default">paymentId</display-name>
                <description xml:lang="x-default">Used payment method id</description>
                <type>string</type>
                <mandatory-flag>false</mandatory-flag>
                <externally-managed-flag>false</externally-managed-flag>
                <min-length>0</min-length>
            </attribute-definition>
            <attribute-definition attribute-id="PP_API_ActiveBillingAgreement">
                <display-name xml:lang="x-default">PayPal (REST) Active Billing Agreement ID</display-name>
                <description xml:lang="x-default">Represent currently billing agreement that will be used for payment</description>
                <type>string</type>
                <mandatory-flag>false</mandatory-flag>
                <externally-managed-flag>false</externally-managed-flag>
                <min-length>0</min-length>
            </attribute-definition>
            <attribute-definition attribute-id="paypalPaymentStatus">
                <display-name xml:lang="x-default">PayPal (REST) Payment Status</display-name>
                <description xml:lang="x-default">paypal Payment Status</description>
                <type>string</type>
                <mandatory-flag>false</mandatory-flag>
                <externally-managed-flag>false</externally-managed-flag>
                <min-length>0</min-length>
            </attribute-definition>
            <attribute-definition attribute-id="paypalRequest">
                <display-name xml:lang="x-default">PayPal (REST) Request</display-name>
                <description xml:lang="x-default">PayPal request</description>
                <type>string</type>
                <mandatory-flag>false</mandatory-flag>
                <externally-managed-flag>false</externally-managed-flag>
                <min-length>0</min-length>
            </attribute-definition>
            <attribute-definition attribute-id="paypalResponse">
                <display-name xml:lang="x-default">PayPal (REST) Response</display-name>
                <description xml:lang="x-default">PayPal response</description>
                <type>string</type>
                <mandatory-flag>false</mandatory-flag>
                <externally-managed-flag>false</externally-managed-flag>
                <min-length>0</min-length>
            </attribute-definition>
            <attribute-definition attribute-id="paypalToken">
                <display-name xml:lang="x-default">PayPal (REST) Paypal Token</display-name>
                <description xml:lang="x-default">Needed for proper NVP Paypal Transactions</description>
                <type>string</type>
                <mandatory-flag>false</mandatory-flag>
                <externally-managed-flag>false</externally-managed-flag>
                <min-length>0</min-length>
            </attribute-definition>
            <attribute-definition attribute-id="paypalCreditCardBillingAddress">
                <display-name xml:lang="x-default">PayPal Credit Card billing address</display-name>
                <description xml:lang="x-default">A billing address of credit card.</description>
                <type>string</type>
                <mandatory-flag>false</mandatory-flag>
                <externally-managed-flag>false</externally-managed-flag>
                <min-length>0</min-length>
            </attribute-definition>
        </custom-attribute-definitions>
    </type-extension>

    <type-extension type-id="ShippingMethod">
        <custom-attribute-definitions>
            <attribute-definition attribute-id="onlinePickupEnabled">
                <display-name xml:lang="x-default">Online Pickup Enabled</display-name>
                <description xml:lang="x-default">For digital goods</description>
                <type>boolean</type>
                <mandatory-flag>true</mandatory-flag>
                <externally-managed-flag>false</externally-managed-flag>
            </attribute-definition>
        </custom-attribute-definitions>
        <group-definitions>
            <attribute-group group-id="onlinePickUp">
                <display-name xml:lang="x-default">Online Pick Up</display-name>
                <attribute attribute-id="onlinePickupEnabled"/>
            </attribute-group>
        </group-definitions>
    </type-extension>

    <type-extension type-id="CustomerPaymentInstrument">
        <custom-attribute-definitions>
            <attribute-definition attribute-id="payPalDefaultCard">
                <display-name xml:lang="x-default">PayPal Default Card</display-name>
                <type>boolean</type>
                <mandatory-flag>false</mandatory-flag>
                <externally-managed-flag>false</externally-managed-flag>
            </attribute-definition>
            <attribute-definition attribute-id="paypalBillingAgreementToken">
                <display-name xml:lang="x-default">PayPal Billing Agreement Token</display-name>
                <description xml:lang="x-default"></description>
                <type>string</type>
                <mandatory-flag>false</mandatory-flag>
                <externally-managed-flag>false</externally-managed-flag>
                <min-length>0</min-length>
            </attribute-definition>
            <attribute-definition attribute-id="paypalBillingAgreementEmail">
                <display-name xml:lang="x-default">PayPal Billing Agreement Email</display-name>
                <description xml:lang="x-default"></description>
                <type>string</type>
                <mandatory-flag>false</mandatory-flag>
                <externally-managed-flag>false</externally-managed-flag>
                <min-length>0</min-length>
            </attribute-definition>
            <attribute-definition attribute-id="paypalBillingAgreementID">
                <display-name xml:lang="x-default">PayPal Billing Agreement ID</display-name>
                <description xml:lang="x-default"></description>
                <type>string</type>
                <mandatory-flag>false</mandatory-flag>
                <externally-managed-flag>false</externally-managed-flag>
                <min-length>0</min-length>
            </attribute-definition>
            <attribute-definition attribute-id="paypalCreditCardExpirationNotice">
                <display-name xml:lang="x-default">PayPal Credit Card Expiration Notice</display-name>
                <description xml:lang="x-default">A value of true means that the credit card expiration notification was shown only once.</description>
                <type>boolean</type>
                <mandatory-flag>false</mandatory-flag>
                <externally-managed-flag>false</externally-managed-flag>
            </attribute-definition>
            <attribute-definition attribute-id="paypalCreditCardBillingAddress">
                <display-name xml:lang="x-default">PayPal Credit Card billing address</display-name>
                <description xml:lang="x-default">A billing address of saved credit card.</description>
                <type>string</type>
                <mandatory-flag>false</mandatory-flag>
                <externally-managed-flag>false</externally-managed-flag>
                <min-length>0</min-length>
            </attribute-definition>
        </custom-attribute-definitions>
    </type-extension>

    <type-extension type-id="Profile">
        <custom-attribute-definitions>
            <attribute-definition attribute-id="PP_API_billingAgreement">
                <display-name xml:lang="x-default">PayPal (REST) Active Billing Agreement/s ID</display-name>
                <description xml:lang="x-default">Array of saved billing agreements. Each billing agreement is an object with baID, email, defaul keys</description>
                <type>string</type>
                <mandatory-flag>false</mandatory-flag>
                <externally-managed-flag>false</externally-managed-flag>
                <min-length>0</min-length>
            </attribute-definition>
            <attribute-definition attribute-id="flashMessages">
                <display-name xml:lang="x-default">Flash Messages</display-name>
                <type>text</type>
                <mandatory-flag>false</mandatory-flag>
                <externally-managed-flag>false</externally-managed-flag>
            </attribute-definition>
            <attribute-definition attribute-id="isDisabledFeatureAPMA">
                <display-name xml:lang="x-default">APMA feature is disabled</display-name>
                <description xml:lang="x-default">Identifies whether the Automatic Payment Method Adding feature is disabled.</description>
                <type>boolean</type>
                <mandatory-flag>false</mandatory-flag>
                <externally-managed-flag>false</externally-managed-flag>
            </attribute-definition>
            <attribute-definition attribute-id="isMergedAccount">
                <display-name xml:lang="x-default">Merged accounts</display-name>
                <description xml:lang="x-default">Merged user accounts PayPal and Single Auth</description>
                <type>boolean</type>
                <mandatory-flag>false</mandatory-flag>
                <externally-managed-flag>false</externally-managed-flag>
            </attribute-definition>
            <attribute-definition attribute-id="isExternalProfile">
                <display-name xml:lang="x-default">The customer profile is an external (via Connect with PayPal)</display-name>
                <description xml:lang="x-default">True if the customer's profile is external (via Connect with PayPal)</description>
                <type>boolean</type>
                <mandatory-flag>false</mandatory-flag>
                <externally-managed-flag>false</externally-managed-flag>
            </attribute-definition>
            <attribute-definition attribute-id="payPalCustomerId">
                <display-name xml:lang="x-default">PayPal Customer id</display-name>
                <type>string</type>
                <mandatory-flag>false</mandatory-flag>
                <externally-managed-flag>false</externally-managed-flag>
                <min-length>0</min-length>
            </attribute-definition>
        </custom-attribute-definitions>
        <group-definitions>
            <attribute-group group-id="Custom">
                <display-name xml:lang="x-default">Custom Attributes</display-name>
                <attribute attribute-id="PP_API_billingAgreement"/>
                <attribute attribute-id="flashMessages"/>
                <attribute attribute-id="isDisabledFeatureAPMA"/>
            </attribute-group>
        </group-definitions>
    </type-extension>

    <type-extension type-id="Order">
        <custom-attribute-definitions>
            <attribute-definition attribute-id="isSavedOrder">
                <display-name xml:lang="x-default">Saved Order</display-name>
                <description xml:lang="x-default">Is used to determine whether order has been saved with save order flow process</description>
                <type>boolean</type>
                <mandatory-flag>false</mandatory-flag>
                <externally-managed-flag>false</externally-managed-flag>
            </attribute-definition>
            <attribute-definition attribute-id="paypalPaymentMethod">
                <display-name xml:lang="x-default">PayPal Payment Method</display-name>
                <description xml:lang="x-default">paypalPaymentMethod = 'express';</description>
                <type>string</type>
                <mandatory-flag>false</mandatory-flag>
                <externally-managed-flag>false</externally-managed-flag>
                <min-length>0</min-length>
            </attribute-definition>
            <attribute-definition attribute-id="PP_API_TransactionID">
                <display-name xml:lang="x-default">paypal order transaction Id</display-name>
                <description xml:lang="x-default">Paypal order transaction Id used in PayPal Transaction (Business Manager Modules)</description>
                <type>string</type>
                <mandatory-flag>false</mandatory-flag>
                <externally-managed-flag>false</externally-managed-flag>
                <min-length>0</min-length>
            </attribute-definition>
        </custom-attribute-definitions>
    </type-extension>

    <type-extension type-id="PaymentTransaction">
        <custom-attribute-definitions>
            <attribute-definition attribute-id="transactionsHistory">
                <display-name xml:lang="x-default">Transactions History</display-name>
                <description xml:lang="x-default">All transactions is related with the order</description>
                <type>set-of-string</type>
                <mandatory-flag>false</mandatory-flag>
                <externally-managed-flag>false</externally-managed-flag>
            </attribute-definition>
            <attribute-definition attribute-id="paypalTransactionHistory">
                <display-name xml:lang="x-default">PayPal (REST) Transaction History</display-name>
                <description xml:lang="x-default">PayPal transaction history</description>
                <type>string</type>
                <mandatory-flag>false</mandatory-flag>
                <externally-managed-flag>false</externally-managed-flag>
                <min-length>0</min-length>
            </attribute-definition>
        </custom-attribute-definitions>
    </type-extension>

    <type-extension type-id="Basket">
        <custom-attribute-definitions>
            <attribute-definition attribute-id="flashMessages">
                <display-name xml:lang="x-default">Flash Messages</display-name>
                <type>text</type>
                <mandatory-flag>false</mandatory-flag>
                <externally-managed-flag>false</externally-managed-flag>
            </attribute-definition>
        </custom-attribute-definitions>
        <group-definitions>
            <attribute-group group-id="Custom">
                <display-name xml:lang="x-default">Custom Attributes</display-name>
                <attribute attribute-id="flashMessages"/>
            </attribute-group>
        </group-definitions>
    </type-extension>
</metadata>
