<?xml version="1.0" encoding="UTF-8"?>
<metadata xmlns="http://www.demandware.com/xml/impex/metadata/2006-10-31">
    <type-extension type-id="SitePreferences">
        <custom-attribute-definitions>
            <attribute-definition attribute-id="PP_Show_Credit_Financial_Banners">
                <display-name xml:lang="x-default">Enable PayPal UK Credit Financial Options Banners</display-name>
                <description xml:lang="x-default">This site preference allows displaying the PayPal banners for the Cart, Product, and Home pages.</description>
                <type>boolean</type>
                <mandatory-flag>false</mandatory-flag>
                <externally-managed-flag>false</externally-managed-flag>
                <default-value>true</default-value>
            </attribute-definition>
            <attribute-definition attribute-id="PP_Merchant_Publisher_ID">
                <display-name xml:lang="x-default">Merchant Publisher ID</display-name>
                <description xml:lang="x-default">PP MerchantPublisher ID for the credit banner and other financing tools</description>
                <type>string</type>
                <mandatory-flag>false</mandatory-flag>
                <externally-managed-flag>false</externally-managed-flag>
                <min-length>0</min-length>
            </attribute-definition>
            <attribute-definition attribute-id="PP_Credit_Campaign_ID">
                <display-name xml:lang="x-default">Campaign ID for PayPal credit banner</display-name>
                <description xml:lang="x-default">Id of the campaigning that will show the PayPal credit banner</description>
                <type>string</type>
                <mandatory-flag>false</mandatory-flag>
                <externally-managed-flag>false</externally-managed-flag>
                <min-length>0</min-length>
            </attribute-definition>
        </custom-attribute-definitions>
        <group-definitions>
            <attribute-group group-id="PAYPAL_CREDIT_FINANCIAL_OPTIONS">
                <display-name xml:lang="x-default">PayPal Credit Financing Options</display-name>
                <attribute attribute-id="PP_Credit_Campaign_ID"/>
                <attribute attribute-id="PP_Merchant_Publisher_ID"/>
                <attribute attribute-id="PP_Show_Credit_Financial_Banners"/>
            </attribute-group>
        </group-definitions>
    </type-extension>
</metadata>
