<?xml version="1.0" encoding="UTF-8"?>
<payment-settings xmlns="http://www.demandware.com/xml/impex/paymentsettings/2009-09-15">

    <payment-method method-id="PayPal">
        <name xml:lang="x-default">PayPal</name>
        <enabled-flag>true</enabled-flag>
        <processor-id>PAYPAL</processor-id>
    </payment-method>

    <payment-method method-id="Venmo">
        <name xml:lang="x-default">Venmo</name>
        <enabled-flag>true</enabled-flag>
        <processor-id>PAYPAL</processor-id>
    </payment-method>

    <payment-method method-id="bancontact">
        <name xml:lang="x-default">Bancontact</name>
        <enabled-flag>false</enabled-flag>
        <processor-id>PAYPAL_LOCAL</processor-id>
        <countries>
            <country country-code="BE"/>
        </countries>
        <currencies>
            <currency>EUR</currency>
        </currencies>
    </payment-method>

    <payment-method method-id="eps">
        <name xml:lang="x-default">EPS</name>
        <enabled-flag>false</enabled-flag>
        <processor-id>PAYPAL_LOCAL</processor-id>
        <countries>
            <country country-code="AT"/>
        </countries>
        <currencies>
            <currency>EUR</currency>
        </currencies>
        <ranges>
            <range currency="EUR">
                <min-purchase-amount>1</min-purchase-amount>
            </range>
        </ranges>
    </payment-method>

    <payment-method method-id="giropay">
        <name xml:lang="x-default">giropay</name>
        <enabled-flag>false</enabled-flag>
        <processor-id>PAYPAL_LOCAL</processor-id>
        <countries>
            <country country-code="DE"/>
        </countries>
        <currencies>
            <currency>EUR</currency>
        </currencies>
        <ranges>
            <range currency="EUR">
                <min-purchase-amount>1</min-purchase-amount>
            </range>
        </ranges>
    </payment-method>

    <payment-method method-id="ideal">
        <name xml:lang="x-default">iDEAL</name>
        <enabled-flag>false</enabled-flag>
        <processor-id>PAYPAL_LOCAL</processor-id>
        <countries>
            <country country-code="NL"/>
        </countries>
        <currencies>
            <currency>EUR</currency>
        </currencies>
    </payment-method>

    <payment-method method-id="sofort">
        <name xml:lang="x-default">Klarna Pay Now / SOFORT</name>
        <enabled-flag>false</enabled-flag>
        <processor-id>PAYPAL_LOCAL</processor-id>
        <countries>
            <country country-code="AT"/>
            <country country-code="BE"/>
            <country country-code="DE"/>
            <country country-code="ES"/>
            <country country-code="IT"/>
            <country country-code="NL"/>
        </countries>
        <currencies>
            <currency>EUR</currency>
        </currencies>
        <ranges>
            <range currency="EUR">
                <min-purchase-amount>1</min-purchase-amount>
            </range>
        </ranges>
    </payment-method>

    <payment-method method-id="mybank">
        <name xml:lang="x-default">MyBank</name>
        <enabled-flag>false</enabled-flag>
        <processor-id>PAYPAL_LOCAL</processor-id>
        <countries>
            <country country-code="IT"/>
        </countries>
        <currencies>
            <currency>EUR</currency>
        </currencies>
    </payment-method>

    <payment-method method-id="p24">
        <name xml:lang="x-default">P24</name>
        <enabled-flag>false</enabled-flag>
        <processor-id>PAYPAL_LOCAL</processor-id>
        <countries>
            <country country-code="PL"/>
        </countries>
        <currencies>
            <currency>PLN</currency>
        </currencies>
        <ranges>
            <range currency="PLN">
                <min-purchase-amount>0.05</min-purchase-amount>
            </range>
        </ranges>
    </payment-method>

    <payment-card card-type="MasterCard">
        <name xml:lang="x-default">MasterCard</name>
        <name xml:lang="fr-FR">MasterCard</name>
        <name xml:lang="it-IT">MasterCard</name>
        <name xml:lang="ja-JP">MasterCard</name>
        <name xml:lang="zh-CN">MASTERCARD</name>
        <enabled-flag>true</enabled-flag>
        <card-number-settings>
            <enable-checksum-verification>true</enable-checksum-verification>
            <number-length>
                <length>16</length>
            </number-length>
            <number-prefix>
                <prefix>51-55</prefix>
            </number-prefix>
        </card-number-settings>
        <security-code-length>3</security-code-length>
    </payment-card>

    <payment-card card-type="American Express">
        <name xml:lang="x-default">American Express</name>
        <name xml:lang="fr-FR">American Express</name>
        <name xml:lang="it-IT">American Express</name>
        <name xml:lang="ja-JP">American Express</name>
        <name xml:lang="zh-CN">American Express（美国运通卡）</name>
        <enabled-flag>true</enabled-flag>
        <card-number-settings>
            <enable-checksum-verification>true</enable-checksum-verification>
            <number-length>
                <length>15</length>
            </number-length>
            <number-prefix>
                <prefix>34</prefix>
                <prefix>37</prefix>
            </number-prefix>
        </card-number-settings>
        <security-code-length>4</security-code-length>
    </payment-card>

    <payment-card card-type="JCB">
        <name xml:lang="x-default">JCB</name>
        <name xml:lang="fr-FR">JCB</name>
        <name xml:lang="it-IT">JCB</name>
        <name xml:lang="ja-JP">JCB</name>
        <name xml:lang="zh-CN">JCB（美国运通卡）</name>
        <enabled-flag>true</enabled-flag>
        <card-number-settings>
            <enable-checksum-verification>true</enable-checksum-verification>
            <number-length>
                <length>15</length>
            </number-length>
            <number-prefix>
                <prefix>34</prefix>
                <prefix>37</prefix>
            </number-prefix>
        </card-number-settings>
        <security-code-length>4</security-code-length>
    </payment-card>

    <payment-card card-type="Carte Bancaire">
        <name xml:lang="x-default">Carte Bancaire</name>
        <name xml:lang="fr-FR">Carte Bancaire</name>
        <name xml:lang="it-IT">Carte Bancaire</name>
        <name xml:lang="ja-JP">Carte Bancaire</name>
        <name xml:lang="zh-CN">Carte Bancaire（美国运通卡）</name>
        <enabled-flag>true</enabled-flag>
        <card-number-settings>
            <enable-checksum-verification>true</enable-checksum-verification>
            <number-length>
                <length>15</length>
            </number-length>
            <number-prefix>
                <prefix>34</prefix>
                <prefix>37</prefix>
            </number-prefix>
        </card-number-settings>
        <security-code-length>4</security-code-length>
    </payment-card>

    <payment-card card-type="Discover">
        <name xml:lang="x-default">Discover</name>
        <name xml:lang="fr-FR">Discover</name>
        <name xml:lang="it-IT">Discover</name>
        <name xml:lang="ja-JP">Discover</name>
        <name xml:lang="zh-CN">Discover（美国运通卡）</name>
        <enabled-flag>true</enabled-flag>
        <card-number-settings>
            <enable-checksum-verification>true</enable-checksum-verification>
            <number-length>
                <length>15</length>
            </number-length>
            <number-prefix>
                <prefix>34</prefix>
                <prefix>37</prefix>
            </number-prefix>
        </card-number-settings>
        <security-code-length>4</security-code-length>
    </payment-card>

    <payment-card card-type="Debit networks">
        <name xml:lang="x-default">Debit networks</name>
        <name xml:lang="fr-FR">Debit networks</name>
        <name xml:lang="it-IT">Debit networks</name>
        <name xml:lang="ja-JP">Debit networks</name>
        <name xml:lang="zh-CN">Debit networks（美国运通卡）</name>
        <enabled-flag>true</enabled-flag>
        <card-number-settings>
            <enable-checksum-verification>true</enable-checksum-verification>
            <number-length>
                <length>15</length>
            </number-length>
            <number-prefix>
                <prefix>34</prefix>
                <prefix>37</prefix>
            </number-prefix>
        </card-number-settings>
        <security-code-length>4</security-code-length>
    </payment-card>

</payment-settings>
