<?xml version="1.0" encoding="ISO-8859-1" ?>
<extensions xmlns="http://www.demandware.com/xml/bmmodules/2007-12-11"
	xmlns:xsi="http://www.w3.org/2001/XMLSchema-instance"
	xsi:schemaLocation="http://www.demandware.com/xml/bmmodules/2007-12-11 bmext.xsd">

	<menuaction id="paypal_configuration" menupath="paypal-plugin" position="2" site="true">
		<name xml:lang="x-default">Styles Configuration</name>
		<short_description xml:lang="x-default">Manage the PayPal Smart Button, PayPal Credit Banner and Login with PayPal Button Styles Configurations</short_description>
		<description xml:lang="x-default">Manage the PayPal Smart Button, PayPal Credit Banner and Login with PayPal Button Styles Configurations</description>
		<exec pipeline="Configuration" node="Start" />
        <sub-pipelines>
			<pipeline name="Configuration-Start" />
			<pipeline name="PaypalConfig-Start" />
			<pipeline name="PaypalConfig-SaveSmartButton" />
			<pipeline name="PaypalConfig-SaveCreditBanner" />
			<pipeline name="CWPPConfig-Start" />
			<pipeline name="CWPPConfig-SaveButton" />
			<pipeline name="HostedFieldsConfig-Start" />
			<pipeline name="HostedFieldsConfig-SaveButton" />
		</sub-pipelines>
		<icon>images/paypal-mark-logo.png</icon>
	</menuaction>

</extensions>
